{
  "fingerprint_sparsity": {
    "total_bits": 20480,
    "active_bits": 810.0,
    "sparsity": 0.96044921875,
    "density": 0.03955078125
  },
  "descriptor_statistics": "            MolWt       LogP       TPSA        HBD  ...  AliphaticRings  AromaticHeterocycles  SaturatedHeterocycles  AliphaticHeterocycles\ncount   20.000000  20.000000  20.000000  20.000000  ...            20.0                  20.0                   20.0                   20.0\nmean   335.157000   3.438735  60.762500   1.500000  ...             0.0                   0.0                    0.0                    0.0\nstd    114.248409   0.762120  22.180499   0.512989  ...             0.0                   0.0                    0.0                    0.0\nmin    206.285000   2.577500  37.300000   1.000000  ...             0.0                   0.0                    0.0                    0.0\n25%    246.083000   2.949275  40.442500   1.000000  ...             0.0                   0.0                    0.0                    0.0\n50%    320.364000   3.293560  59.735000   1.500000  ...             0.0                   0.0                    0.0                    0.0\n75%    409.438000   3.783020  80.055000   2.000000  ...             0.0                   0.0                    0.0                    0.0\nmax    493.615000   4.590320  86.280000   2.000000  ...             0.0                   0.0                    0.0                    0.0\n\n[8 rows x 25 columns]"
}