{
  "fingerprint_sparsity": {
    "total_bits": 4092928,
    "active_bits": 152887.0,
    "sparsity": 0.9626460568082311,
    "density": 0.03735394319176888
  },
  "descriptor_statistics": "             MolWt         LogP         TPSA          HBD          HBA  ...  AliphaticAtoms  AliphaticRings  AromaticHeterocycles  SaturatedHeterocycles  AliphaticHeterocycles\ncount  3997.000000  3997.000000  3997.000000  3997.000000  3997.000000  ...      3997.00000     3997.000000           3997.000000            3997.000000            3997.000000\nmean    316.951540     2.426676    61.048341     1.345759     3.922442  ...        14.09382        1.251689              0.377783               0.518639               0.791093\nstd     156.874774     1.978403    52.438818     1.591563     3.065434  ...        10.15382        1.430995              0.628316               0.781714               0.973184\nmin      16.043000   -11.744600     0.000000     0.000000     0.000000  ...         0.00000        0.000000              0.000000               0.000000               0.000000\n25%     218.083000     1.338600    26.020000     0.000000     2.000000  ...         8.00000        0.000000              0.000000               0.000000               0.000000\n50%     309.409000     2.474700    49.410000     1.000000     3.000000  ...        12.00000        1.000000              0.000000               0.000000               1.000000\n75%     399.513000     3.708600    81.010000     2.000000     5.000000  ...        17.00000        2.000000              1.000000               1.000000               1.000000\nmax    1879.680000    16.644500   662.410000    24.000000    33.000000  ...       123.00000       14.000000              4.000000              10.000000              12.000000\n\n[8 rows x 25 columns]"
}