{
  "fingerprint_sparsity": {
    "total_bits": 25600,
    "active_bits": 12696.0,
    "sparsity": 0.5040625000000001,
    "density": 0.4959374999999999
  },
  "descriptor_statistics": "           MolWt       LogP       TPSA  ...  AromaticHeterocycles  SaturatedHeterocycles  AliphaticHeterocycles\ncount  25.000000  25.000000  25.000000  ...             25.000000              25.000000              25.000000\nmean    0.560133   0.540380   0.473738  ...              0.448633               0.484087               0.658861\nstd     0.296730   0.327787   0.318330  ...              0.324707               0.315593               0.253535\nmin     0.010727   0.030919   0.008122  ...              0.003223               0.000499               0.129010\n25%     0.368178   0.301192   0.207999  ...              0.161510               0.302006               0.471007\n50%     0.579523   0.559786   0.420292  ...              0.413176               0.480803               0.744491\n75%     0.784077   0.904525   0.794997  ...              0.754646               0.748151               0.821779\nmax     0.975727   0.984240   0.949888  ...              0.949991               0.993895               0.996174\n\n[8 rows x 25 columns]"
}